Name and description, ID, N terminal inside/outside, tmh start location, tmh end location, full protein sequence, tmh sequence, N flank sequence, C flank sequence, transmembrane helix sequential number, number of transmembrane helices in protein
RecName: Full=Solute carrier family 26 member 6; AltName: Full=Anion exchange transporter; AltName: Full=Pendrin-like protein 1; Short=Pendrin-L1;,Q9BXS9,Inside,116,136,MGLADASGPRDTQALLSATQAMDLRRRDYHMERPLLNQEHLEELGRWGSAPRTHQWRTWLQCSRARAYALLLQHLPVLVWLPRYPVRDWLLGDLLSGLSVAIMQLPQGLAYALLAGLPPVFGLYSSFYPVFIYFLFGTSRHISVGTFAVMSVMVGSVTESLAPQALNDSMINETARDAARVQVASTLSVLVGLFQVGLGLIHFGFVVTYLSEPLVRGYTTAAAVQVFVSQLKYVFGLHLSSHSGPLSLIYTVLEVCWKLPQSKVGTVVTAAVAGVVLVVVKLLNDKLQQQLPMPIPGELLTLIGATGISYGMGLKHRFEVDVVGNIPAGLVPPVAPNTQLFSKLVGSAFTIAVVGFAIAISLGKIFALRHGYRVDSNQELVALGLSNLIGGIFQCFPVSCSMSRSLVQESTGGNSQVAGAISSLFILLIIVKLGELFHDLPKAVLAAIIIVNLKGMLRQLSDMRSLWKANRADLLIWLVTFTATILLNLDLGLVVAVIFSLLLVVVRTQMPHYSVLGQVPDTDIYRDVAEYSEAKEVRGVKVFRSSATVYFANAEFYSDALKQRCGVDVDFLISQKKKLLKKQEQLKLKQLQKEEKLRKQAASPKGASVSINVNTSLEDMRSNNVEDCKMMQVSSGDKMEDATANGQEDSKAPDGSTLKALGLPQPDFHSLILDLGALSFVDTVCLKSLKNIFHDFREIEVEVYMAACHSPVVSQLEAGHFFDASITKKHLFASVHDAVTFALQHPRPVPDSPVSVTRL,GLPPVFGLYSSFYPVFIYFLF,PQGLAYALLA,GTSRHISVGT,1,8,
RecName: Full=Solute carrier family 26 member 6; AltName: Full=Anion exchange transporter; AltName: Full=Pendrin-like protein 1; Short=Pendrin-L1;,Q9BXS9,Outside,187,207,MGLADASGPRDTQALLSATQAMDLRRRDYHMERPLLNQEHLEELGRWGSAPRTHQWRTWLQCSRARAYALLLQHLPVLVWLPRYPVRDWLLGDLLSGLSVAIMQLPQGLAYALLAGLPPVFGLYSSFYPVFIYFLFGTSRHISVGTFAVMSVMVGSVTESLAPQALNDSMINETARDAARVQVASTLSVLVGLFQVGLGLIHFGFVVTYLSEPLVRGYTTAAAVQVFVSQLKYVFGLHLSSHSGPLSLIYTVLEVCWKLPQSKVGTVVTAAVAGVVLVVVKLLNDKLQQQLPMPIPGELLTLIGATGISYGMGLKHRFEVDVVGNIPAGLVPPVAPNTQLFSKLVGSAFTIAVVGFAIAISLGKIFALRHGYRVDSNQELVALGLSNLIGGIFQCFPVSCSMSRSLVQESTGGNSQVAGAISSLFILLIIVKLGELFHDLPKAVLAAIIIVNLKGMLRQLSDMRSLWKANRADLLIWLVTFTATILLNLDLGLVVAVIFSLLLVVVRTQMPHYSVLGQVPDTDIYRDVAEYSEAKEVRGVKVFRSSATVYFANAEFYSDALKQRCGVDVDFLISQKKKLLKKQEQLKLKQLQKEEKLRKQAASPKGASVSINVNTSLEDMRSNNVEDCKMMQVSSGDKMEDATANGQEDSKAPDGSTLKALGLPQPDFHSLILDLGALSFVDTVCLKSLKNIFHDFREIEVEVYMAACHSPVVSQLEAGHFFDASITKKHLFASVHDAVTFALQHPRPVPDSPVSVTRL,LSVLVGLFQVGLGLIHFGFVV,DAARVQVAST,TYLSEPLVRG,2,8,
RecName: Full=Phospholipid-transporting ATPase IG; EC=3.6.3.1; AltName: Full=ATPase IQ; AltName: Full=ATPase class VI type 11C; AltName: Full=P4-ATPase flippase complex alpha subunit ATP11C;,Q8NB49,Outside,1070,1090,MQMVPSLPPASECAGEEKRVGTRTVFVGNHPVSETEAYIAQRFCDNRIVSSKYTLWNFLPKNLFEQFRRIANFYFLIIFLVQVTVDTPTSPVTSGLPLFFVITVTAIKQGYEDCLRHRADNEVNKSTVYIIENAKRVRKESEKIKVGDVVEVQADETFPCDLILLSSCTTDGTCYVTTASLDGESNCKTHYAVRDTIALCTAESIDTLRAAIECEQPQPDLYKFVGRINIYSNSLEAVARSLGPENLLLKGATLKNTEKIYGVAVYTGMETKMALNYQGKSQKRSAVEKSINAFLIVYLFILLTKAAVCTTLKYVWQSTPYNDEPWYNQKTQKERETLKVLKMFTDFLSFMVLFNFIIPVSMYVTVEMQKFLGSFFISWDKDFYDEEINEGALVNTSDLNEELGQVDYVFTDKTGTLTENSMEFIECCIDGHKYKGVTQEVDGLSQTDGTLTYFDKVDKNREELFLRALCLCHTVEIKTNDAVDGATESAELTYISSSPDEIALVKGAKRYGFTFLGNRNGYMRVENQRKEIEEYELLHTLNFDAVRRRMSVIVKTQEGDILLFCKGADSAVFPRVQNHEIELTKVHVERNAMDGYRTLCVAFKEIAPDDYERINRQLIEAKMALQDREEKMEKVFDDIETNMNLIGATAVEDKLQDQAAETIEALHAAGLKVWVLTGDKMETAKSTCYACRLFQTNTELLELTTKTIEESERKEDRLHELLIEYRKKLLHEFPKSTRSFKKAWTEHQEYGLIIDGSTLSLILNSSQDSSSNNYKSIFLQICMKCTAVLCCRMAPLQKAQIVRMVKNLKGSPITLSIGDGANDVSMILESHVGIGIKGKEGRQAARNSDYSVPKFKHLKKLLLAHGHLYYVRIAHLVQYFFYKNLCFILPQFLYQFFCGFSQQPLYDAAYLTMYNICFTSLPILAYSLLEQHINIDTLTSDPRLYMKISGNAMLQLGPFLYWTFLAAFEGTVFFFGTYFLFQTASLEENGKVYGNWTFGTIVFTVLVFTVTLKLALDTRFWTWINHFVIWGSLAFYVFFSFFWGGIIWPFLKQQRMYFVFAQMLSSVSTWLAIILLIFISLFPEILLIVLKNVRRRSARRNLSCRRASDSLSARPSVRPLLLRTFSDESNVL,WLAIILLIFISLFPEILLIVL,FAQMLSSVST,KNVRRRSARR,10,10,
RecName: Full=Sarcoplasmic/endoplasmic reticulum calcium ATPase 3; Short=SERCA3; Short=SR Ca(2+)-ATPase 3; EC=3.6.3.8; AltName: Full=Calcium pump 3;,Q93084,Inside,829,851,MEAAHLLPAADVLRHFSVTAEGGLSPAQVTGARERYGPNELPSEEGKSLWELVLEQFEDLLVRILLLAALVSFVLAWFEEGEETTTAFVEPLVIMLILVANAIVGVWQERNAESAIEALKEYEPEMGKVIRSDRKGVQRIRARDIVPGDIVEVAVGDKVPADLRLIEIKSTTLRVDQSILTGESVSVTKHTEAIPDPRAVNQDKKNMLFSGTNITSGKAVGVAVATGLHTELGKIRSQMAAVEPERTPLQRKLDEFGRQLSHAISVICVAVWVINIGHFADPAHGGSWLRGAVYYFKIAVALAVAAIPEGLPAVITTCLALGTRRMARKNAIVRSLPSVETLGCTSVICSDKTGTLTTNQMSVCRMFVVAEADAGSCLLHEFTISGTTYTPEGEVRQGDQPVRCGQFDGLVELATICALCNDSALDYNEAKGVYEKVGEATETALTCLVEKMNVFDTDLQALSRVERAGACNTVIKQLMRKEFTLEFSRDRKSMSVYCTPTRPHPTGQGSKMFVKGAPESVIERCSSVRVGSRTAPLTPTSREQILAKIRDWGSGSDTLRCLALATRDAPPRKEDMELDDCSKFVQYETDLTFVGCVGMLDPPRPEVAACITRCYQAGIRVVMITGDNKGTAVAICRRLGIFGDTEDVAGKAYTGREFDDLSPEQQRQACRTARCFARVEPAHKSRIVENLQSFNEITAMTGDGVNDAPALKKAEIGIAMGSGTAVAKSAAEMVLSDDNFASIVAAVEEGRAIYSNMKQFIRYLISSNVGEVVCIFLTAILGLPEALIPVQLLWVNLVTDGLPATALGFNPPDLDIMEKLPRSPREALISGWLFFRYLAIGVYVGLATVAAATWWFVYDAEGPHINFYQLRNFLKCSEDNPLFAGIDCEVFESRFPTTMALSVLVTIEMCNALNSVSENQSLLRMPPWMNPWLLVAVAMSMALHFLILLVPPLPLIFQVTPLSGRQWVVVLQISLPVILLDEALKYLSRNHMHACLYPGLLRTVSQAWSRQPLTTSWTPDHTGRNEPEVSAGNRVESPVCTSD,ISGWLFFRYLAIGVYVGLATVAA,KLPRSPREAL,ATWWFVYDAE,7,10,
RecName: Full=Endoplasmic reticulum-Golgi intermediate compartment protein 1; AltName: Full=ER-Golgi intermediate compartment 32 kDa protein; Short=ERGIC-32;,Q969X5,Inside,27,47,MPFDFRRFDIYRKVPKDLTQPTYTGAIISICCCLFILFLFLSELTGFITTEVVNELYVDDPDKDSGGKIDVSLNISLPNLHCELVGLDIQDEMGRHEVGHIDNSMKIPLNNGAGCRFEGQFSINKVPGNFHVSTHSATAQPQNPDMTHVIHKLSFGDTLQVQNIHGAFNALGGADRLTSNPLASHDYILKIVPTVYEDKSGKQRYSYQYTVANKEYVAYSHTGRIIPAIWFRYDLSPITVKYTERRQPLYRFITTICAIIGGTFTVAGILDSCIFTASEAWKKIQLGKMH,IISICCCLFILFLFLSELTGF,DLTQPTYTGA,ITTEVVNELY,1,2,
RecName: Full=Endoplasmic reticulum-Golgi intermediate compartment protein 1; AltName: Full=ER-Golgi intermediate compartment 32 kDa protein; Short=ERGIC-32;,Q969X5,Outside,255,275,MPFDFRRFDIYRKVPKDLTQPTYTGAIISICCCLFILFLFLSELTGFITTEVVNELYVDDPDKDSGGKIDVSLNISLPNLHCELVGLDIQDEMGRHEVGHIDNSMKIPLNNGAGCRFEGQFSINKVPGNFHVSTHSATAQPQNPDMTHVIHKLSFGDTLQVQNIHGAFNALGGADRLTSNPLASHDYILKIVPTVYEDKSGKQRYSYQYTVANKEYVAYSHTGRIIPAIWFRYDLSPITVKYTERRQPLYRFITTICAIIGGTFTVAGILDSCIFTASEAWKKIQLGKMH,TICAIIGGTFTVAGILDSCIF,RRQPLYRFIT,TASEAWKKIQ,2,2,
RecName: Full=Endoplasmic reticulum mannosyl-oligosaccharide 12-alpha-mannosidase; EC=3.2.1.113 {ECO:0000269|PubMed:10409699 ECO:0000269|PubMed:12090241 ECO:0000269|PubMed:15713668}; AltName: Full=ER alpha-12-mannosidase; AltName: Full=ER mannosidase 1; Short=ERMan1; AltName: Full=Man9GlcNAc2-specific-processing alpha-mannosidase; AltName: Full=Mannosidase alpha class 1B member 1;,Q9UKM7,Inside,85,105,MAACEGRRSGALGSSQSDFLTPPVGGAPWAVATTVVMYPPPPPPPHRDFISVTLSFGENYDNSKSWRRRSCWRKWKQLSRLQRNMILFLLAFLLFCGLLFYINLADHWKALAFRLEEEQKMRPEIAGLKPANPPVLPAPQKADTDPENLPEISSQKTQRHIQRGPPHLQIRPPSQDLKDGTQEEATKRQEAPVDPRPEGDPQRTVISWRGAVIEPEQGTELPSRRAEVPTKPPLPPARTQGTPVHLNYRQKGVIDVFLHAWKGYRKFAWGHDELKPVSRSFSEWFGLGLTLIDALDTMWILGLRKEFEEARKWVSKKLHFEKDVDVNLFESTIRILGGLLSAYHLSGDSLFLRKAEDFGNRLMPAFRTPSKIPYSDVNIGTGVAHPPRWTSDSTVAEVTSIQLEFRELSRLTGDKKFQEAVEKVTQHIHGLSGKKDGLVPMFINTHSGLFTHLGVFTLGARADSYYEYLLKQWIQGGKQETQLLEDYVEAIEGVRTHLLRHSEPSKLTFVGELAHGRFSAKMDHLVCFLPGTLALGVYHGLPASHMELAQELMETCYQMNRQMETGLSPEIVHFNLYPQPGRRDVEVKPADRHNLLRPETVESLFYLYRVTGDRKYQDWGWEILQSFSRFTRVPSGGYSSINNVQDPQKPEPRDKMESFFLGETLKYLFLLFSDDPNLLSLDAYVFNTEAHPLPIWTPA,MILFLLAFLLFCGLLFYINLA,WKQLSRLQRN,DHWKALAFRL,1,1,
RecName: Full=GPI mannosyltransferase 2; EC=2.4.1.-; AltName: Full=GPI mannosyltransferase II; Short=GPI-MT-II; AltName: Full=Phosphatidylinositol-glycan biosynthesis class V protein; Short=PIG-V;,Q9NUD9,Inside,235,255,MWPQDPSRKEVLRFAVSCRILTLMLQALFNAIIPDHHAEAFSPPRLAPSGFVDQLVEGLLGGLSHWDAEHFLFIAEHGYLYEHNFAFFPGFPLALLVGTELLRPLRGLLSLRSCLLISVASLNFLFFMLAAVALHDLGCLVLHCPHQSFYAALLFCLSPANVFLAAGYSEALFALLTFSAMGQLERGRVWTSVLLFAFATGVRSNGLVSVGFLMHSQCQGFFSSLTMLNPLRQLFKLMASLFLSVFTLGLPFALFQYYAYTQFCLPGSARPIPEPLVQLAVDKGYRIAEGNEPPWCFWDVPLIYSYIQDVYWNVGFLKYYELKQVPNFLLAAPVAILVAWATWTYVTTHPWLCLTLGLQRSKNNKTLEKPDLGFLSPQVFVYVVHAAVLLLFGGLCMHVQVLTRFLGSSTPIMYWFPAHLLQDQEPLLRSLKTVPWKPLAEDSPPGQKVPRNPIMGLLYHWKTCSPVTRYILGYFLTYWLLGLLLHCNFLPWT,FKLMASLFLSVFTLGLPFALF,LTMLNPLRQL,QYYAYTQFCL,7,10,
RecName: Full=GPI mannosyltransferase 2; EC=2.4.1.-; AltName: Full=GPI mannosyltransferase II; Short=GPI-MT-II; AltName: Full=Phosphatidylinositol-glycan biosynthesis class V protein; Short=PIG-V;,Q9NUD9,Outside,328,348,MWPQDPSRKEVLRFAVSCRILTLMLQALFNAIIPDHHAEAFSPPRLAPSGFVDQLVEGLLGGLSHWDAEHFLFIAEHGYLYEHNFAFFPGFPLALLVGTELLRPLRGLLSLRSCLLISVASLNFLFFMLAAVALHDLGCLVLHCPHQSFYAALLFCLSPANVFLAAGYSEALFALLTFSAMGQLERGRVWTSVLLFAFATGVRSNGLVSVGFLMHSQCQGFFSSLTMLNPLRQLFKLMASLFLSVFTLGLPFALFQYYAYTQFCLPGSARPIPEPLVQLAVDKGYRIAEGNEPPWCFWDVPLIYSYIQDVYWNVGFLKYYELKQVPNFLLAAPVAILVAWATWTYVTTHPWLCLTLGLQRSKNNKTLEKPDLGFLSPQVFVYVVHAAVLLLFGGLCMHVQVLTRFLGSSTPIMYWFPAHLLQDQEPLLRSLKTVPWKPLAEDSPPGQKVPRNPIMGLLYHWKTCSPVTRYILGYFLTYWLLGLLLHCNFLPWT,FLLAAPVAILVAWATWTYVTT,KYYELKQVPN,HPWLCLTLGL,8,10,
RecName: Full=GPI mannosyltransferase 2; EC=2.4.1.-; AltName: Full=GPI mannosyltransferase II; Short=GPI-MT-II; AltName: Full=Phosphatidylinositol-glycan biosynthesis class V protein; Short=PIG-V;,Q9NUD9,Inside,379,399,MWPQDPSRKEVLRFAVSCRILTLMLQALFNAIIPDHHAEAFSPPRLAPSGFVDQLVEGLLGGLSHWDAEHFLFIAEHGYLYEHNFAFFPGFPLALLVGTELLRPLRGLLSLRSCLLISVASLNFLFFMLAAVALHDLGCLVLHCPHQSFYAALLFCLSPANVFLAAGYSEALFALLTFSAMGQLERGRVWTSVLLFAFATGVRSNGLVSVGFLMHSQCQGFFSSLTMLNPLRQLFKLMASLFLSVFTLGLPFALFQYYAYTQFCLPGSARPIPEPLVQLAVDKGYRIAEGNEPPWCFWDVPLIYSYIQDVYWNVGFLKYYELKQVPNFLLAAPVAILVAWATWTYVTTHPWLCLTLGLQRSKNNKTLEKPDLGFLSPQVFVYVVHAAVLLLFGGLCMHVQVLTRFLGSSTPIMYWFPAHLLQDQEPLLRSLKTVPWKPLAEDSPPGQKVPRNPIMGLLYHWKTCSPVTRYILGYFLTYWLLGLLLHCNFLPWT,VFVYVVHAAVLLLFGGLCMHV,KPDLGFLSPQ,QVLTRFLGSS,9,10,
RecName: Full=1-acyl-sn-glycerol-3-phosphate acyltransferase gamma; EC=2.3.1.51; AltName: Full=1-acylglycerol-3-phosphate O-acyltransferase 3; Short=1-AGP acyltransferase 3; Short=1-AGPAT 3; AltName: Full=Lysophosphatidic acid acyltransferase gamma; Short=LPAAT-gamma;,Q9NRZ7,Inside,125,145,MGLLAFLKTQFVLHLLVGFVFVVSGLVINFVQLCTLALWPVSKQLYRRLNCRLAYSLWSQLVMLLEWWSCTECTLFTDQATVERFGKEHAVIILNHNFEIDFLCGWTMCERFGVLGSSKVLAKKELLYVPLIGWTWYFLEIVFCKRKWEEDRDTVVEGLRRLSDYPEYMWFLLYCEGTRFTETKHRVSMEVAAAKGLPVLKYHLLPRTKGFTTAVKCLRGTVAAVYDVTLNFRGNKNPSLLGILYGKKYEADMCVRRFPLEDIPLDEKEAAQWLHKLYQEKDALQEIYNQKGMFPGEQFKPARRPWTLLNFLSWATILLSPLFSFVLGVFASGSPLLILTFLGFVGAASFGVRRLIGVTEIEKGSSYGNQEFKKKE,ELLYVPLIGWTWYFLEIVFCK,LGSSKVLAKK,RKWEEDRDTV,1,2,
RecName: Full=1-acyl-sn-glycerol-3-phosphate acyltransferase gamma; EC=2.3.1.51; AltName: Full=1-acylglycerol-3-phosphate O-acyltransferase 3; Short=1-AGP acyltransferase 3; Short=1-AGPAT 3; AltName: Full=Lysophosphatidic acid acyltransferase gamma; Short=LPAAT-gamma;,Q9NRZ7,Outside,317,339,MGLLAFLKTQFVLHLLVGFVFVVSGLVINFVQLCTLALWPVSKQLYRRLNCRLAYSLWSQLVMLLEWWSCTECTLFTDQATVERFGKEHAVIILNHNFEIDFLCGWTMCERFGVLGSSKVLAKKELLYVPLIGWTWYFLEIVFCKRKWEEDRDTVVEGLRRLSDYPEYMWFLLYCEGTRFTETKHRVSMEVAAAKGLPVLKYHLLPRTKGFTTAVKCLRGTVAAVYDVTLNFRGNKNPSLLGILYGKKYEADMCVRRFPLEDIPLDEKEAAQWLHKLYQEKDALQEIYNQKGMFPGEQFKPARRPWTLLNFLSWATILLSPLFSFVLGVFASGSPLLILTFLGFVGAASFGVRRLIGVTEIEKGSSYGNQEFKKKE,ILLSPLFSFVLGVFASGSPLLIL,TLLNFLSWAT,TFLGFVGAAS,2,2,
RecName: Full=Inactive rhomboid protein 2; Short=iRhom2; AltName: Full=Rhomboid 5 homolog 2; AltName: Full=Rhomboid family member 2; AltName: Full=Rhomboid veinlet-like protein 5; AltName: Full=Rhomboid veinlet-like protein 6;,Q6PJF5,Inside,410,430,MASADKNGGSVSSVSSSRLQSRKPPNLSITIPPPEKETQAPGEQDSMLPEGFQNRRLKKSQPRTWAAHTTACPPSFLPKRKNPAYLKSVSLQEPRSRWQESSEKRPGFRRQASLSQSIRKGAAQWFGVSGDWEGQRQQWQRRSLHHCSMRYGRLKASCQRDLELPSQEAPSFQGTESPKPCKMPKIVDPLARGRAFRHPEEMDRPHAPHPPLTPGVLSLTSFTSVRSGYSHLPRRKRMSVAHMSLQAAAALLKGRSVLDATGQRCRVVKRSFAFPSFLEEDVVDGADTFDSSFFSKEEMSSMPDDVFESPPLSASYFRGIPHSASPVSPDGVQIPLKEYGRAPVPGPRRGKRIASKVKHFAFDRKKRHYGLGVVGNWLNRSYRRSISSTVQRQLESFDSHRPYFTYWLTFVHVIITLLVICTYGIAPVGFAQHVTTQLVLRNKGVYESVKYIQQENFWVGPSSIDLIHLGAKFSPCIRKDGQIEQLVLRERDLERDSGCCVQNDHSGCIQTQRKDCSETLATFVKWQDDTGPPMDKSDLGQKRTSGAVCHQDPRTCEEPASSGAHIWPDDITKWPICTEQARSNHTGFLHMDCEIKGRPCCIGTKGSCEITTREYCEFMHGYFHEEATLCSQVHCLDKVCGLLPFLNPEVPDQFYRLWLSLFLHAGVVHCLVSVVFQMTILRDLEKLAGWHRIAIIFILSGITGNLASAIFLPYRAEVGPAGSQFGLLACLFVELFQSWPLLERPWKAFLNLSAIVLFLFICGLLPWIDNIAHIFGFLSGLLLAFAFLPYITFGTSDKYRKRALILVSLLAFAGLFAALVLWLYIYPINWPWIEHLTCFPFTSRFCEKYELDQVLH,FVHVIITLLVICTYGIAPVGF,HRPYFTYWLT,AQHVTTQLVL,1,7,
RecName: Full=Store-operated calcium entry-associated regulatory factor; Short=SARAF; Short=SOCE-associated regulatory factor; AltName: Full=HBV X-transactivated gene 3 protein; AltName: Full=HBV XAg-transactivated protein 3; AltName: Full=Protein FOAP-7; AltName: Full=Transmembrane protein 66; Flags: Precursor;,Q96BY9,Outside,174,194,MAAACGPGAAGYCLLLGLHLFLLTAGPALGWNDPDRMLLRDVKALTLHYDRYTTSRRLDPIPQLKCVGGTAGCDSYTPKVIQCQNKGWDGYDVQWECKTDLDIAYKFGKTVVSCEGYESSEDQYVLRGSCGLEYNLDYTELGLQKLKESGKQHGFASFSDYYYKWSSADSCNMSGLITIVVLLGIAFVVYKLFLSDGQYSPPPYSEYPPFSHRYQRFTNSAGPPPPGFKSEFTGPQNTGHGATSGFGSAFTGQQGYENSGPGFWTGLGTGGILGYLFGSNRAATPFSDSWYYPSYPPSYPGTWNRAYSPLHGGSGSYSVCSNSDTKTRTASGYGGTRRR,SGLITIVVLLGIAFVVYKLFL,KWSSADSCNM,SDGQYSPPPY,1,1,
RecName: Full=Signal peptidase complex catalytic subunit SEC11C; EC=3.4.21.89; AltName: Full=Microsomal signal peptidase 21 kDa subunit; Short=SPase 21 kDa subunit; AltName: Full=SEC11 homolog C; AltName: Full=SEC11-like protein 3; AltName: Full=SPC21;,Q9BY50,Inside,29,48,MVRAGAVGAHLPASGLDIFGDLKKMNKRQLYYQVLNFAMIVSSALMIWKGLIVLTGSESPIVVVLSGSMEPAFHRGDLLFLTNFREDPIRAGEIVVFKVEGRDIPIVHRVIKVHEKDNGDIKFLTKGDNNEVDDRGLYKEGQNWLEKKDVVGRARGFLPYVGMVTIIMNDYPKFKYALLAVMGAYVLLKRES,QLYYQVLNFAMIVSSALMIW,FGDLKKMNKR,KGLIVLTGSE,1,1,
RecName: Full=Transmembrane protein 97; AltName: Full=Meningioma-associated protein 30 {ECO:0000303|PubMed:7694637};,Q5BJF2,Outside,141,161,MGAPATRRCVEWLLGLYFLSHIPITLFMDLQAVLPRELYPVEFRNLLKWYAKEFKDPLLQEPPAWFKSFLFCELVFQLPFFPIATYAFLKGSCKWIRTPAIIYSVHTMTTLIPILSTFLFEDFSKASGFKGQRPETLHERLTLVSVYAPYLLIPFILLIFMLRSPYYKYEEKRKKK,LTLVSVYAPYLLIPFILLIFM,GQRPETLHER,LRSPYYKYEE,4,4,
RecName: Full=Toll-like receptor 7; Flags: Precursor;,Q9NYK1,Outside,840,860,MVFPMWTLKRQILILFNIILISKLLGARWFPKTLPCDVTLDVPKNHVIVDCTDKHLTEIPGGIPTNTTNLTLTINHIPDISPASFHRLDHLVEIDFRCNCVPIPLGSKNNMCIKRLQIKPRSFSGLTYLKSLYLDGNQLLEIPQGLPPSLQLLSLEANNIFSIRKENLTELANIEILYLGQNCYYRNPCYVSYSIEKDAFLNLTKLKVLSLKDNNVTAVPTVLPSTLTELYLYNNMIAKIQEDDFNNLNQLQILDLSGNCPRCYNAPFPCAPCKNNSPLQIPVNAFDALTELKVLRLHSNSLQHVPPRWFKNINKLQELDLSQNFLAKEIGDAKFLHFLPSLIQLDLSFNFELQVYRASMNLSQAFSSLKSLKILRIRGYVFKELKSFNLSPLHNLQNLEVLDLGTNFIKIANLSMFKQFKRLKVIDLSVNKISPSGDSSEVGFCSNARTSVESYEPQVLEQLHYFRYDKYARSCRFKNKEASFMSVNESCYKYGQTLDLSKNSIFFVKSSDFQHLSFLKCLNLSGNLISQTLNGSEFQPLAELRYLDFSNNRLDLLHSTAFEELHKLEVLDISSNSHYFQSEGITHMLNFTKNLKVLQKLMMNDNDISSSTSRTMESESLRTLEFRGNHLDVLWREGDNRYLQLFKNLLKLEELDISKNSLSFLPSGVFDGMPPNLKNLSLAKNGLKSFSWKKLQCLKNLETLDLSHNQLTTVPERLSNCSRSLKNLILKNNQIRSLTKYFLQDAFQLRYLDLSSNKIQMIQKTSFPENVLNNLKMLLLHHNRFLCTCDAVWFVWWVNHTEVTIPYLATDVTCVGPGAHKGQSVISLDLYTCELDLTNLILFSLSISVSLFLMVMMTASHLYFWDVWYIYHFCKAKIKGYQRLISPDCCYDAFIVYDTKDPAVTEWVLAELVAKLEDPREKHFNLCLEERDWLPGQPVLENLSQSIQLSKKTVFVMTDKYAKTENFKIAFYLSHQRLMDEKVDVIILIFLEKPFQKSKFLQLRKRLCGSSVLEWPTNPQAHPYFWQCLKNALATDNHVAYSQVFKETV,LILFSLSISVSLFLMVMMTAS,LYTCELDLTN,HLYFWDVWYI,1,1,
